Singer ID,Name,,Genre,Debut Year,Nationality,Albums Released,Awards Won
1,Lata Mangeshkar,,"Classical, Pop",1942,Indian,30,7
2,Kishore Kumar,,"Film, Pop",1946,Indian,14,8
3,Arijit Singh,,"Film, Pop",2009,Indian,,6
4,Neha Kakkar,,"Film, Pop",2008,Indian,4,2
5,Sonu Nigam,,"Film, Pop",1999,Indian,15,8
6,Shreya Ghoshal,,"Film, Pop",2002,Indian,10,4
7,Udit Narayan,,"Film, Pop",1988,Indian,20,5
8,Badshah,,"Hip Hop, Pop",2013,Indian,,1
9,Armaan Malik,,"Film, Pop",2015,Indian,5,1
10,Sunidhi Chauhan,,"Film, Pop",1999,Indian,9,3
